extra_v_ms,angle_deg,min_dist_au,journey_days,returned,fuel_kg
2000.0,0.0,0.4729143250476168,60.26624999999996,False,1150.9142067806363
2000.0,6.206896551724138,0.4673416499144397,60.26624999999996,False,1150.9142067806363
2000.0,12.413793103448276,0.46120911147441285,60.26624999999996,False,1150.9142067806363
2000.0,18.620689655172413,0.4545690392228636,60.26624999999996,False,1150.9142067806363
2000.0,24.82758620689655,0.44748197385870947,60.26624999999996,False,1150.9142067806363
2000.0,31.03448275862069,0.44001618544953025,60.26624999999996,False,1150.9142067806363
2000.0,37.241379310344826,0.43224719744848933,60.26624999999996,False,1150.9142067806363
2000.0,43.44827586206897,0.42425727577407324,60.26624999999996,False,1150.9142067806363
2000.0,49.6551724137931,0.41613483774080234,60.26624999999996,False,1150.9142067806363
2000.0,55.86206896551724,0.40797373010881843,60.26624999999996,False,1150.9142067806363
2000.0,62.06896551724138,0.3998723229022775,60.26624999999996,False,1150.9142067806363
2000.0,68.27586206896552,0.39193236997113057,60.26624999999996,False,1150.9142067806363
2000.0,74.48275862068965,0.384257600358712,60.26624999999996,False,1150.9142067806363
2000.0,80.6896551724138,0.3769520242863666,60.26624999999996,False,1150.9142067806363
2000.0,86.89655172413794,0.3701179594918268,60.26624999999996,False,1150.9142067806363
2000.0,93.10344827586206,0.36376379727593705,61.361999999999945,False,1150.9142067806363
2000.0,99.3103448275862,0.3577638455562749,62.82299999999993,False,1150.9142067806363
2000.0,105.51724137931035,0.352189906151934,63.91874999999991,False,1150.9142067806363
2000.0,111.72413793103448,0.3471292549836401,65.3797499999999,False,1150.9142067806363
2000.0,117.93103448275862,0.3426716079396525,66.84074999999989,False,1150.9142067806363
2000.0,124.13793103448276,0.33890496077618554,68.30174999999986,False,1150.9142067806363
2000.0,130.3448275862069,0.3359097210535796,69.39749999999985,False,1150.9142067806363
2000.0,136.55172413793105,0.3337696535926836,70.85849999999984,False,1150.9142067806363
2000.0,142.75862068965517,0.33255198499836286,71.95424999999982,False,1150.9142067806363
2000.0,148.9655172413793,0.33231942810250753,73.04999999999981,False,1150.9142067806363
2000.0,155.17241379310346,0.3331167368091095,74.1457499999998,False,1150.9142067806363
2000.0,161.3793103448276,0.334962050883334,74.87624999999979,False,1150.9142067806363
2000.0,167.58620689655172,0.3378634832532541,75.60674999999978,False,1150.9142067806363
2000.0,173.79310344827587,0.34179137325778813,75.97199999999977,False,1150.9142067806363
2000.0,180.0,0.34669329795934534,76.33724999999977,False,1150.9142067806363
2104.1666666666665,0.0,0.47599181445913885,60.26624999999996,False,1226.3997191503483
2104.1666666666665,6.206896551724138,0.4701660720583475,60.26624999999996,False,1226.3997191503483
2104.1666666666665,12.413793103448276,0.4637493273157036,60.26624999999996,False,1226.3997191503483
2104.1666666666665,18.620689655172413,0.4567961482177661,60.26624999999996,False,1226.3997191503483
2104.1666666666665,24.82758620689655,0.44936967554435986,60.26624999999996,False,1226.3997191503483
2104.1666666666665,31.03448275862069,0.44154115313276304,60.26624999999996,False,1226.3997191503483
2104.1666666666665,37.241379310344826,0.43338946988152927,60.26624999999996,False,1226.3997191503483
2104.1666666666665,43.44827586206897,0.42500067115089835,60.26624999999996,False,1226.3997191503483
2104.1666666666665,49.6551724137931,0.41646739215455186,60.26624999999996,False,1226.3997191503483
2104.1666666666665,55.86206896551724,0.40788815910141524,60.26624999999996,False,1226.3997191503483
2104.1666666666665,62.06896551724138,0.3993664992451054,60.26624999999996,False,1226.3997191503483
2104.1666666666665,68.27586206896552,0.39100980288091386,60.26624999999996,False,1226.3997191503483
2104.1666666666665,74.48275862068965,0.382927891073575,60.26624999999996,False,1226.3997191503483
2104.1666666666665,80.6896551724138,0.37523126125835465,60.26624999999996,False,1226.3997191503483
2104.1666666666665,86.89655172413794,0.3680290052391108,60.26624999999996,False,1226.3997191503483
2104.1666666666665,93.10344827586206,0.361333672094528,61.361999999999945,False,1226.3997191503483
2104.1666666666665,99.3103448275862,0.35499971952021375,62.82299999999993,False,1226.3997191503483
2104.1666666666665,105.51724137931035,0.34910385183002135,64.2839999999999,False,1226.3997191503483
2104.1666666666665,111.72413793103448,0.34373824397886854,65.74499999999989,False,1226.3997191503483
2104.1666666666665,117.93103448275862,0.33899716896374193,67.20599999999988,False,1226.3997191503483
2104.1666666666665,124.13793103448276,0.3349753322202926,68.66699999999986,False,1226.3997191503483
2104.1666666666665,130.3448275862069,0.3317614519743455,69.76274999999984,False,1226.3997191503483
2104.1666666666665,136.55172413793105,0.32944648497527484,71.22374999999982,False,1226.3997191503483
2104.1666666666665,142.75862068965517,0.3281106573557424,72.31949999999982,False,1226.3997191503483
2104.1666666666665,148.9655172413793,0.3278197338262492,73.4152499999998,False,1226.3997191503483
2104.1666666666665,155.17241379310346,0.32862211291290533,74.51099999999978,False,1226.3997191503483
2104.1666666666665,161.3793103448276,0.3305520384889749,75.60674999999978,False,1226.3997191503483
2104.1666666666665,167.58620689655172,0.33361476776040205,76.33724999999977,False,1226.3997191503483
2104.1666666666665,173.79310344827587,0.337787202598189,76.70249999999976,False,1226.3997191503483
2104.1666666666665,180.0,0.3430135105111155,77.06774999999976,False,1226.3997191503483
2208.3333333333335,0.0,0.47906881344631713,60.26624999999996,False,1303.6936154377997
2208.3333333333335,6.206896551724138,0.47299225916353194,60.26624999999996,False,1303.6936154377997
2208.3333333333335,12.413793103448276,0.46629344380385546,60.26624999999996,False,1303.6936154377997
2208.3333333333335,18.620689655172413,0.45902913298440395,60.26624999999996,False,1303.6936154377997
2208.3333333333335,24.82758620689655,0.4512650123462571,60.26624999999996,False,1303.6936154377997
2208.3333333333335,31.03448275862069,0.4430752337696531,60.26624999999996,False,1303.6936154377997
2208.3333333333335,37.241379310344826,0.434541979491957,60.26624999999996,False,1303.6936154377997
2208.3333333333335,43.44827586206897,0.42575500067926614,60.26624999999996,False,1303.6936154377997
2208.3333333333335,49.6551724137931,0.4168110811742342,60.26624999999996,False,1303.6936154377997
2208.3333333333335,55.86206896551724,0.4078133688701499,60.26624999999996,False,1303.6936154377997
2208.3333333333335,62.06896551724138,0.3988705104029889,60.26624999999996,False,1303.6936154377997
2208.3333333333335,68.27586206896552,0.3900955239944235,60.26624999999996,False,1303.6936154377997
2208.3333333333335,74.48275862068965,0.3816043532025706,60.26624999999996,False,1303.6936154377997
2208.3333333333335,80.6896551724138,0.37351406067500564,60.26624999999996,False,1303.6936154377997
2208.3333333333335,86.89655172413794,0.3659406431869047,60.26624999999996,False,1303.6936154377997
2208.3333333333335,93.10344827586206,0.35890171887844613,61.361999999999945,False,1303.6936154377997
2208.3333333333335,99.3103448275862,0.3522314238729627,62.82299999999993,False,1303.6936154377997
2208.3333333333335,105.51724137931035,0.34600855357046484,64.2839999999999,False,1303.6936154377997
2208.3333333333335,111.72413793103448,0.34033101920118597,65.74499999999989,False,1303.6936154377997
2208.3333333333335,117.93103448275862,0.33529909269110014,67.20599999999988,False,1303.6936154377997
2208.3333333333335,124.13793103448276,0.3310135970564886,68.66699999999986,False,1303.6936154377997
2208.3333333333335,130.3448275862069,0.32757388698128664,70.12799999999984,False,1303.6936154377997
2208.3333333333335,136.55172413793105,0.32507567717810654,71.58899999999983,False,1303.6936154377997
2208.3333333333335,142.75862068965517,0.32360879711848023,73.04999999999981,False,1303.6936154377997
2208.3333333333335,148.9655172413793,0.3232466774035504,74.1457499999998,False,1303.6936154377997
2208.3333333333335,155.17241379310346,0.32404982276860844,75.24149999999977,False,1303.6936154377997
2208.3333333333335,161.3793103448276,0.32605584791572234,76.33724999999977,False,1303.6936154377997
2208.3333333333335,167.58620689655172,0.32927395827571465,77.06774999999976,False,1303.6936154377997
2208.3333333333335,173.79310344827587,0.33368801158387495,77.43299999999975,False,1303.6936154377997
2208.3333333333335,180.0,0.33923798660165644,78.16349999999974,False,1303.6936154377997
2312.5,0.0,0.4821468446747938,60.26624999999996,False,1382.8392185574305
2312.5,6.206896551724138,0.4758216085378199,60.26624999999996,False,1382.8392185574305
2312.5,12.413793103448276,0.46884276937840835,60.26624999999996,False,1382.8392185574305
2312.5,18.620689655172413,0.4612692452517859,60.26624999999996,False,1382.8392185574305
2312.5,24.82758620689655,0.453169208096419,60.26624999999996,False,1382.8392185574305
2312.5,31.03448275862069,0.4446196490223504,60.26624999999996,False,1382.8392185574305
2312.5,37.241379310344826,0.43570596811469214,60.26624999999996,False,1382.8392185574305
2312.5,43.44827586206897,0.42652154461744707,60.26624999999996,False,1382.8392185574305
2312.5,49.6551724137931,0.41716723667637623,60.26624999999996,False,1382.8392185574305
2312.5,55.86206896551724,0.40775075001435146,60.26624999999996,False,1382.8392185574305
2312.5,62.06896551724138,0.398385805838289,60.26624999999996,False,1382.8392185574305
2312.5,68.27586206896552,0.38919103438526964,60.26624999999996,False,1382.8392185574305
2312.5,74.48275862068965,0.38028852513230416,60.26624999999996,False,1382.8392185574305
2312.5,80.6896551724138,0.3718019783300831,60.26624999999996,False,1382.8392185574305
2312.5,86.89655172413794,0.3638544237672893,60.26624999999996,False,1382.8392185574305
2312.5,93.10344827586206,0.3564695018261747,61.361999999999945,False,1382.8392185574305
2312.5,99.3103448275862,0.3494605370091967,62.82299999999993,False,1382.8392185574305
2312.5,105.51724137931035,0.3429082418750217,64.2839999999999,False,1382.8392185574305
2312.5,111.72413793103448,0.3369118722738949,66.1102499999999,False,1382.8392185574305
2312.5,117.93103448275862,0.3315801874466853,67.57124999999986,False,1382.8392185574305
2312.5,124.13793103448276,0.32702380315934365,69.03224999999985,False,1382.8392185574305
2312.5,130.3448275862069,0.32334926608274933,70.49324999999983,False,1382.8392185574305
2312.5,136.55172413793105,0.32065926966221675,71.95424999999982,False,1382.8392185574305
2312.5,142.75862068965517,0.3190501800743932,73.4152499999998,False,1382.8392185574305
2312.5,148.9655172413793,0.31860959389102034,74.87624999999979,False,1382.8392185574305
2312.5,155.17241379310346,0.319401857001896,75.97199999999977,False,1382.8392185574305
2312.5,161.3793103448276,0.32147499064686297,77.06774999999976,False,1382.8392185574305
2312.5,167.58620689655172,0.3248422691046383,77.79824999999975,False,1382.8392185574305
2312.5,173.79310344827587,0.32949070596713664,78.52874999999975,False,1382.8392185574305
2312.5,180.0,0.3353630032449599,78.89399999999974,False,1382.8392185574305
2416.6666666666665,0.0,0.48522712643419685,60.26624999999996,False,1463.8808892978302
2416.6666666666665,6.206896551724138,0.4786552381364327,60.26624999999996,False,1463.8808892978302
2416.6666666666665,12.413793103448276,0.47139835233085825,60.26624999999996,False,1463.8808892978302
2416.6666666666665,18.620689655172413,0.46351749137438525,60.26624999999996,False,1463.8808892978302
2416.6666666666665,24.82758620689655,0.4550832526872018,60.26624999999996,False,1463.8808892978302
2416.6666666666665,31.03448275862069,0.4461753956110456,60.26624999999996,False,1463.8808892978302
2416.6666666666665,37.241379310344826,0.4368824599702818,60.26624999999996,False,1463.8808892978302
2416.6666666666665,43.44827586206897,0.42730137191876755,60.26624999999996,False,1463.8808892978302
2416.6666666666665,49.6551724137931,0.4175369850507712,60.26624999999996,False,1463.8808892978302
2416.6666666666665,55.86206896551724,0.4077014933453445,60.26624999999996,False,1463.8808892978302
2416.6666666666665,62.06896551724138,0.3979136409836926,60.26624999999996,False,1463.8808892978302
2416.6666666666665,68.27586206896552,0.3882976468727849,60.26624999999996,False,1463.8808892978302
2416.6666666666665,74.48275862068965,0.3789817625213519,60.26624999999996,False,1463.8808892978302
2416.6666666666665,80.6896551724138,0.37009639211949064,60.26624999999996,False,1463.8808892978302
2416.6666666666665,86.89655172413794,0.3617717231207088,60.26624999999996,False,1463.8808892978302
2416.6666666666665,93.10344827586206,0.3540384101551792,61.361999999999945,False,1463.8808892978302
2416.6666666666665,99.3103448275862,0.34668845951533855,62.82299999999993,False,1463.8808892978302
2416.6666666666665,105.51724137931035,0.3397998776857156,64.64924999999991,False,1463.8808892978302
2416.6666666666665,111.72413793103448,0.3334802597429523,66.1102499999999,False,1463.8808892978302
2416.6666666666665,117.93103448275862,0.32784617980850156,67.93649999999987,False,1463.8808892978302
2416.6666666666665,124.13793103448276,0.3230087053954387,69.39749999999985,False,1463.8808892978302
2416.6666666666665,130.3448275862069,0.3190897065628933,70.85849999999984,False,1463.8808892978302
2416.6666666666665,136.55172413793105,0.316197242131147,72.68474999999981,False,1463.8808892978302
2416.6666666666665,142.75862068965517,0.3144385792682997,74.1457499999998,False,1463.8808892978302
2416.6666666666665,148.9655172413793,0.3139066300686273,75.24149999999977,False,1463.8808892978302
2416.6666666666665,155.17241379310346,0.31468005006873273,76.70249999999976,False,1463.8808892978302
2416.6666666666665,161.3793103448276,0.31681087361137283,77.79824999999975,False,1463.8808892978302
2416.6666666666665,167.58620689655172,0.3203207783209619,78.52874999999975,False,1463.8808892978302
2416.6666666666665,173.79310344827587,0.32519997092014546,79.25924999999974,False,1463.8808892978302
2416.6666666666665,180.0,0.3313941769861502,79.62449999999973,False,1463.8808892978302
2520.8333333333335,0.0,0.48831063514046,60.26624999999996,False,1546.8640511857745
2520.8333333333335,6.206896551724138,0.4814940432396026,60.26624999999996,False,1546.8640511857745
2520.8333333333335,12.413793103448276,0.47396103283545377,60.26624999999996,False,1546.8640511857745
2520.8333333333335,18.620689655172413,0.46577468059074084,60.26624999999996,False,1546.8640511857745
2520.8333333333335,24.82758620689655,0.45700794720522764,60.26624999999996,False,1546.8640511857745
2520.8333333333335,31.03448275862069,0.44774328779936184,60.26624999999996,False,1546.8640511857745
2520.8333333333335,37.241379310344826,0.43807230185103363,60.26624999999996,False,1546.8640511857745
2520.8333333333335,43.44827586206897,0.42809537837930667,60.26624999999996,False,1546.8640511857745
2520.8333333333335,49.6551724137931,0.4179212835168071,60.26624999999996,False,1546.8640511857745
2520.8333333333335,55.86206896551724,0.40766662455564096,60.26624999999996,False,1546.8640511857745
2520.8333333333335,62.06896551724138,0.39745511044971493,60.26624999999996,False,1546.8640511857745
2520.8333333333335,68.27586206896552,0.3874165179678881,60.26624999999996,False,1546.8640511857745
2520.8333333333335,74.48275862068965,0.3776852691990422,60.26624999999996,False,1546.8640511857745
2520.8333333333335,80.6896551724138,0.36839853210848594,60.26624999999996,False,1546.8640511857745
2520.8333333333335,86.89655172413794,0.35969377252609513,60.26624999999996,False,1546.8640511857745
2520.8333333333335,93.10344827586206,0.3516096875715278,61.361999999999945,False,1546.8640511857745
2520.8333333333335,99.3103448275862,0.343916443917277,62.82299999999993,False,1546.8640511857745
2520.8333333333335,105.51724137931035,0.3366867923356631,64.64924999999991,False,1546.8640511857745
2520.8333333333335,111.72413793103448,0.3300414235991585,66.47549999999988,False,1546.8640511857745
2520.8333333333335,117.93103448275862,0.3240938820410097,67.93649999999987,False,1546.8640511857745
2520.8333333333335,124.13793103448276,0.31897057738058626,69.76274999999984,False,1546.8640511857745
2520.8333333333335,130.3448275862069,0.3147972346399179,71.22374999999982,False,1546.8640511857745
2520.8333333333335,136.55172413793105,0.31169113031024964,73.04999999999981,False,1546.8640511857745
2520.8333333333335,142.75862068965517,0.3097706397941647,74.51099999999978,False,1546.8640511857745
2520.8333333333335,148.9655172413793,0.30913960295958376,75.97199999999977,False,1546.8640511857745
2520.8333333333335,155.17241379310346,0.3098850150418871,77.06774999999976,False,1546.8640511857745
2520.8333333333335,161.3793103448276,0.3120648279888297,78.52874999999975,False,1546.8640511857745
2520.8333333333335,167.58620689655172,0.3157104524051706,79.25924999999974,False,1546.8640511857745
2520.8333333333335,173.79310344827587,0.3208166582977077,79.98974999999973,False,1546.8640511857745
2520.8333333333335,180.0,0.3273318216602731,80.72024999999971,False,1546.8640511857745
2625.0,0.0,0.4913981537099834,60.26624999999996,False,1631.8352159459293
2625.0,6.206896551724138,0.4843387404157015,60.26624999999996,False,1631.8352159459293
2625.0,12.413793103448276,0.4765314834165632,60.26624999999996,False,1631.8352159459293
2625.0,18.620689655172413,0.4680414626734508,60.26624999999996,False,1631.8352159459293
2625.0,24.82758620689655,0.45894393926429916,60.26624999999996,False,1631.8352159459293
2625.0,31.03448275862069,0.44932399077549096,60.26624999999996,False,1631.8352159459293
2625.0,37.241379310344826,0.4392761948148329,60.26624999999996,False,1631.8352159459293
2625.0,43.44827586206897,0.4289043168381105,60.26624999999996,False,1631.8352159459293
2625.0,49.6551724137931,0.4183209489811024,60.26624999999996,False,1631.8352159459293
2625.0,55.86206896551724,0.4076470318680042,60.26624999999996,False,1631.8352159459293
2625.0,62.06896551724138,0.3970111746031459,60.26624999999996,False,1631.8352159459293
2625.0,68.27586206896552,0.3865486735352463,60.26624999999996,False,1631.8352159459293
2625.0,74.48275862068965,0.3764001220822457,60.26624999999996,False,1631.8352159459293
2625.0,80.6896551724138,0.3667095048778984,60.26624999999996,False,1631.8352159459293
2625.0,86.89655172413794,0.3576216823336915,60.26624999999996,False,1631.8352159459293
2625.0,93.10344827586206,0.3491844563326634,61.361999999999945,False,1631.8352159459293
2625.0,99.3103448275862,0.3411456190725744,62.82299999999993,False,1631.8352159459293
2625.0,105.51724137931035,0.33357272956792317,64.64924999999991,False,1631.8352159459293
2625.0,111.72413793103448,0.3265915470856279,66.47549999999988,False,1631.8352159459293
2625.0,117.93103448275862,0.3203276097456657,68.30174999999986,False,1631.8352159459293
2625.0,124.13793103448276,0.3149116468033129,70.12799999999984,False,1631.8352159459293
2625.0,130.3448275862069,0.31047381319126116,71.58899999999983,False,1631.8352159459293
2625.0,136.55172413793105,0.30714524157202955,73.4152499999998,False,1631.8352159459293
2625.0,142.75862068965517,0.3050547206194423,74.87624999999979,False,1631.8352159459293
2625.0,148.9655172413793,0.3043136198521892,76.33724999999977,False,1631.8352159459293
2625.0,155.17241379310346,0.30501573700758483,77.79824999999975,False,1631.8352159459293
2625.0,161.3793103448276,0.30723813631224245,79.25924999999974,False,1631.8352159459293
2625.0,167.58620689655172,0.3110121693186082,79.98974999999973,False,1631.8352159459293
2625.0,173.79310344827587,0.31634141241263114,80.72024999999971,False,1631.8352159459293
2625.0,180.0,0.3231706502019223,81.4507499999997,False,1631.8352159459293
2729.166666666667,0.0,0.4944903092848735,60.26624999999996,False,1718.8420095704848
2729.166666666667,6.206896551724138,0.48718990189106315,60.26624999999996,False,1718.8420095704848
2729.166666666667,12.413793103448276,0.47911024067596925,60.26624999999996,False,1718.8420095704848
2729.166666666667,18.620689655172413,0.4703183575417849,60.26624999999996,False,1718.8420095704848
2729.166666666667,24.82758620689655,0.4608917508914363,60.26624999999996,False,1718.8420095704848
2729.166666666667,31.03448275862069,0.45091804709285666,60.26624999999996,False,1718.8420095704848
2729.166666666667,37.241379310344826,0.4404947193810978,60.26624999999996,False,1718.8420095704848
2729.166666666667,43.44827586206897,0.42972882127212964,60.26624999999996,False,1718.8420095704848
2729.166666666667,49.6551724137931,0.4187366811409267,60.26624999999996,False,1718.8420095704848
2729.166666666667,55.86206896551724,0.4076434882444769,60.26624999999996,False,1718.8420095704848
2729.166666666667,62.06896551724138,0.3965826809849783,60.26624999999996,False,1718.8420095704848
2729.166666666667,68.27586206896552,0.385695029540958,60.26624999999996,False,1718.8420095704848
2729.166666666667,74.48275862068965,0.3751272913918641,60.26624999999996,False,1718.8420095704848
2729.166666666667,80.6896551724138,0.3650303133547192,60.26624999999996,False,1718.8420095704848
2729.166666666667,86.89655172413794,0.35555646154004134,60.26624999999996,False,1718.8420095704848
2729.166666666667,93.10344827586206,0.34676373700595053,61.361999999999945,False,1718.8420095704848
2729.166666666667,99.3103448275862,0.3383750621592974,63.188249999999925,False,1718.8420095704848
2729.166666666667,105.51724137931035,0.330458716336021,64.64924999999991,False,1718.8420095704848
2729.166666666667,111.72413793103448,0.32313947323209385,66.47549999999988,False,1718.8420095704848
2729.166666666667,117.93103448275862,0.3165512525778979,68.30174999999986,False,1718.8420095704848
2729.166666666667,124.13793103448276,0.31083165028760823,70.12799999999984,False,1718.8420095704848
2729.166666666667,130.3448275862069,0.30612136633587406,71.95424999999982,False,1718.8420095704848
2729.166666666667,136.55172413793105,0.30256125284130014,73.78049999999979,False,1718.8420095704848
2729.166666666667,142.75862068965517,0.3002890294406034,75.60674999999978,False,1718.8420095704848
2729.166666666667,148.9655172413793,0.299424159876633,77.06774999999976,False,1718.8420095704848
2729.166666666667,155.17241379310346,0.30007759326868017,78.52874999999975,False,1718.8420095704848
2729.166666666667,161.3793103448276,0.3023308989644973,79.62449999999973,False,1718.8420095704848
2729.166666666667,167.58620689655172,0.3062267400028594,80.72024999999971,False,1718.8420095704848
2729.166666666667,173.79310344827587,0.31177072268285694,81.8159999999997,False,1718.8420095704848
2729.166666666667,180.0,0.318916996982086,82.1812499999997,False,1718.8420095704848
2833.3333333333335,0.0,0.4975876028700959,60.26624999999996,False,1807.9331990133264
2833.3333333333335,6.206896551724138,0.49004798262328714,60.26624999999996,False,1807.9331990133264
2833.3333333333335,12.413793103448276,0.4816977303594686,60.26624999999996,False,1807.9331990133264
2833.3333333333335,18.620689655172413,0.4726057787339932,60.26624999999996,False,1807.9331990133264
2833.3333333333335,24.82758620689655,0.4628518007072229,60.26624999999996,False,1807.9331990133264
2833.3333333333335,31.03448275862069,0.45252589777576835,60.26624999999996,False,1807.9331990133264
2833.3333333333335,37.241379310344826,0.44172835571413405,60.26624999999996,False,1807.9331990133264
2833.3333333333335,43.44827586206897,0.4305694261634269,60.26624999999996,False,1807.9331990133264
2833.3333333333335,49.6551724137931,0.4191690811138547,60.26624999999996,False,1807.9331990133264
2833.3333333333335,55.86206896551724,0.4076566693482103,60.26624999999996,False,1807.9331990133264
2833.3333333333335,62.06896551724138,0.39617038168184704,60.26624999999996,False,1807.9331990133264
2833.3333333333335,68.27586206896552,0.3848564089296785,60.26624999999996,False,1807.9331990133264
2833.3333333333335,74.48275862068965,0.37386765715125786,60.26624999999996,False,1807.9331990133264
2833.3333333333335,80.6896551724138,0.36336187305580836,60.26624999999996,False,1807.9331990133264
2833.3333333333335,86.89655172413794,0.35349903388792553,60.26624999999996,False,1807.9331990133264
2833.3333333333335,93.10344827586206,0.3443484647824431,61.361999999999945,False,1807.9331990133264
2833.3333333333335,99.3103448275862,0.335607544798704,63.188249999999925,False,1807.9331990133264
2833.3333333333335,105.51724137931035,0.3273403511588395,65.0144999999999,False,1807.9331990133264
2833.3333333333335,111.72413793103448,0.3196779129696504,66.84074999999989,False,1807.9331990133264
2833.3333333333335,117.93103448275862,0.3127596577550399,68.66699999999986,False,1807.9331990133264
2833.3333333333335,124.13793103448276,0.30673123565332494,70.49324999999983,False,1807.9331990133264
2833.3333333333335,130.3448275862069,0.30174180154707203,72.31949999999982,False,1807.9331990133264
2833.3333333333335,136.55172413793105,0.29794080365979986,74.1457499999998,False,1807.9331990133264
2833.3333333333335,142.75862068965517,0.29547439089974625,75.97199999999977,False,1807.9331990133264
2833.3333333333335,148.9655172413793,0.2944809851336203,77.43299999999975,False,1807.9331990133264
2833.3333333333335,155.17241379310346,0.2950724082403963,79.25924999999974,False,1807.9331990133264
2833.3333333333335,161.3793103448276,0.2973448849945,80.35499999999972,False,1807.9331990133264
2833.3333333333335,167.58620689655172,0.3013548229656254,81.8159999999997,False,1807.9331990133264
2833.3333333333335,173.79310344827587,0.30710825809321296,82.5464999999997,False,1807.9331990133264
2833.3333333333335,180.0,0.3145685341283825,83.27699999999969,False,1807.9331990133264
2937.5,0.0,0.5006904327810965,60.26624999999996,False,1899.15871952372
2937.5,6.206896551724138,0.49291334178125984,60.26624999999996,False,1899.15871952372
2937.5,12.413793103448276,0.48429428730654883,60.26624999999996,False,1899.15871952372
2937.5,18.620689655172413,0.4749040521503415,60.26624999999996,False,1899.15871952372
2937.5,24.82758620689655,0.46482442169887617,60.26624999999996,False,1899.15871952372
2937.5,31.03448275862069,0.454147899291012,60.26624999999996,False,1899.15871952372
2937.5,37.241379310344826,0.44297749990903684,60.26624999999996,False,1899.15871952372
2937.5,43.44827586206897,0.43142658217719576,60.26624999999996,False,1899.15871952372
2937.5,49.6551724137931,0.419618666563208,60.26624999999996,False,1899.15871952372
2937.5,55.86206896551724,0.4076871681653676,60.26624999999996,False,1899.15871952372
2937.5,62.06896551724138,0.3957749475023869,60.26624999999996,False,1899.15871952372
2937.5,68.27586206896552,0.38403355543283507,60.26624999999996,False,1899.15871952372
2937.5,74.48275862068965,0.37262202272458816,60.26624999999996,False,1899.15871952372
2937.5,80.6896551724138,0.36170502546477934,60.26624999999996,False,1899.15871952372
2937.5,86.89655172413794,0.351450251179063,60.26624999999996,False,1899.15871952372
2937.5,93.10344827586206,0.3419395030190896,61.361999999999945,False,1899.15871952372
2937.5,99.3103448275862,0.3328443745758123,63.188249999999925,False,1899.15871952372
2937.5,105.51724137931035,0.32422381777123543,65.0144999999999,False,1899.15871952372
2937.5,111.72413793103448,0.31621496537877863,66.84074999999989,False,1899.15871952372
2937.5,117.93103448275862,0.30896362003295225,69.03224999999985,False,1899.15871952372
2937.5,124.13793103448276,0.30261586756043574,70.85849999999984,False,1899.15871952372
2937.5,130.3448275862069,0.2973370298682396,72.68474999999981,False,1899.15871952372
2937.5,136.55172413793105,0.2932855161421531,74.51099999999978,False,1899.15871952372
2937.5,142.75862068965517,0.290616273731814,76.33724999999977,False,1899.15871952372
2937.5,148.9655172413793,0.28947661857644963,78.16349999999974,False,1899.15871952372
2937.5,155.17241379310346,0.2899985061079649,79.62449999999973,False,1899.15871952372
2937.5,161.3793103448276,0.29228167332982946,81.08549999999971,False,1899.15871952372
2937.5,167.58620689655172,0.2963956156060229,82.5464999999997,False,1899.15871952372
2937.5,173.79310344827587,0.3023552123123966,83.27699999999969,False,1899.15871952372
2937.5,180.0,0.3101236266701054,84.00749999999968,False,1899.15871952372
3041.666666666667,0.0,0.5037991133196086,60.26624999999996,False,1992.56970263481
3041.666666666667,6.206896551724138,0.4957862599048073,60.26624999999996,False,1992.56970263481
3041.666666666667,12.413793103448276,0.48690017143845554,60.26624999999996,False,1992.56970263481
3041.666666666667,18.620689655172413,0.477213431125105,60.26624999999996,False,1992.56970263481
3041.666666666667,24.82758620689655,0.4668098755623402,60.26624999999996,False,1992.56970263481
3041.666666666667,31.03448275862069,0.4557843372912082,60.26624999999996,False,1992.56970263481
3041.666666666667,37.241379310344826,0.44424247722417115,60.26624999999996,False,1992.56970263481
3041.666666666667,43.44827586206897,0.43230066893961205,60.26624999999996,False,1992.56970263481
3041.666666666667,49.6551724137931,0.42008588405892455,60.26624999999996,False,1992.56970263481
3041.666666666667,55.86206896551724,0.40773550698233907,60.26624999999996,False,1992.56970263481
3041.666666666667,62.06896551724138,0.39539697961386394,60.26624999999996,False,1992.56970263481
3041.666666666667,68.27586206896552,0.3832271449277399,60.26624999999996,False,1992.56970263481
3041.666666666667,74.48275862068965,0.37139112598357565,60.26624999999996,False,1992.56970263481
3041.666666666667,80.6896551724138,0.3600605491036853,60.26624999999996,False,1992.56970263481
3041.666666666667,86.89655172413794,0.3494109043385341,60.26624999999996,False,1992.56970263481
3041.666666666667,93.10344827586206,0.33953765453924756,61.361999999999945,False,1992.56970263481
3041.666666666667,99.3103448275862,0.33008636710502676,63.188249999999925,False,1992.56970263481
3041.666666666667,105.51724137931035,0.3211102546566143,65.0144999999999,False,1992.56970263481
3041.666666666667,111.72413793103448,0.31275148317826823,67.20599999999988,False,1992.56970263481
3041.666666666667,117.93103448275862,0.3051536945404535,69.03224999999985,False,1992.56970263481
3041.666666666667,124.13793103448276,0.2984877625382528,71.22374999999982,False,1992.56970263481
3041.666666666667,130.3448275862069,0.2929089847187834,73.04999999999981,False,1992.56970263481
3041.666666666667,136.55172413793105,0.2885970134832182,74.87624999999979,False,1992.56970263481
3041.666666666667,142.75862068965517,0.2857159968741855,76.70249999999976,False,1992.56970263481
3041.666666666667,148.9655172413793,0.2844218844038775,78.52874999999975,False,1992.56970263481
3041.666666666667,155.17241379310346,0.2848578805812547,80.35499999999972,False,1992.56970263481
3041.666666666667,161.3793103448276,0.2871425390645718,81.8159999999997,False,1992.56970263481
3041.666666666667,167.58620689655172,0.29135167351111185,83.27699999999969,False,1992.56970263481
3041.666666666667,173.79310344827587,0.29751196816278186,84.00749999999968,False,1992.56970263481
3041.666666666667,180.0,0.3055868129712912,84.73799999999967,False,1992.56970263481
3145.8333333333335,0.0,0.5069138897443588,60.26624999999996,False,2088.2185048226374
3145.8333333333335,6.206896551724138,0.49866695270250033,60.26624999999996,False,2088.2185048226374
3145.8333333333335,12.413793103448276,0.4895155806561668,60.26624999999996,False,2088.2185048226374
3145.8333333333335,18.620689655172413,0.4795341086273683,60.26624999999996,False,2088.2185048226374
3145.8333333333335,24.82758620689655,0.46880836435326645,60.26624999999996,False,2088.2185048226374
3145.8333333333335,31.03448275862069,0.45743543781841084,60.26624999999996,False,2088.2185048226374
3145.8333333333335,37.241379310344826,0.44552355290390583,60.26624999999996,False,2088.2185048226374
3145.8333333333335,43.44827586206897,0.433192005519589,60.26624999999996,False,2088.2185048226374
3145.8333333333335,49.6551724137931,0.4205711192424219,60.26624999999996,False,2088.2185048226374
3145.8333333333335,55.86206896551724,0.4078021472548991,60.26624999999996,False,2088.2185048226374
3145.8333333333335,62.06896551724138,0.39503701914698863,60.26624999999996,False,2088.2185048226374
3145.8333333333335,68.27586206896552,0.3824377948300837,60.26624999999996,False,2088.2185048226374
3145.8333333333335,74.48275862068965,0.37017564856281815,60.26624999999996,False,2088.2185048226374
3145.8333333333335,80.6896551724138,0.3584291687402794,60.26624999999996,False,2088.2185048226374
3145.8333333333335,86.89655172413794,0.34738173265548433,60.26624999999996,False,2088.2185048226374
3145.8333333333335,93.10344827586206,0.33714262794524125,60.99674999999995,False,2088.2185048226374
3145.8333333333335,99.3103448275862,0.3273342864100144,63.188249999999925,False,2088.2185048226374
3145.8333333333335,105.51724137931035,0.31800041925796696,65.0144999999999,False,2088.2185048226374
3145.8333333333335,111.72413793103448,0.3092823054064959,67.20599999999988,False,2088.2185048226374
3145.8333333333335,117.93103448275862,0.30134297004316696,69.39749999999985,False,2088.2185048226374
3145.8333333333335,124.13793103448276,0.29434064378274544,71.22374999999982,False,2088.2185048226374
3145.8333333333335,130.3448275862069,0.28845963970834576,73.4152499999998,False,2088.2185048226374
3145.8333333333335,136.55172413793105,0.28387693744762743,75.24149999999977,False,2088.2185048226374
3145.8333333333335,142.75862068965517,0.2807700859665841,77.43299999999975,False,2088.2185048226374
3145.8333333333335,148.9655172413793,0.27931055487282497,79.25924999999974,False,2088.2185048226374
3145.8333333333335,155.17241379310346,0.2796555742184328,81.08549999999971,False,2088.2185048226374
3145.8333333333335,161.3793103448276,0.2819288258922739,82.5464999999997,False,2088.2185048226374
3145.8333333333335,167.58620689655172,0.28622377960986595,84.00749999999968,False,2088.2185048226374
3145.8333333333335,173.79310344827587,0.2925741961854384,85.10324999999966,False,2088.2185048226374
3145.8333333333335,180.0,0.30095164299400223,85.83374999999965,False,2088.2185048226374
3250.0,0.0,0.5100349503448852,60.26624999999996,False,2186.158736851734
3250.0,6.206896551724138,0.5015555822149619,60.26624999999996,False,2186.158736851734
3250.0,12.413793103448276,0.49214066131063655,60.26624999999996,False,2186.158736851734
3250.0,18.620689655172413,0.4818662272000477,60.26624999999996,False,2186.158736851734
3250.0,24.82758620689655,0.4708200400120114,60.26624999999996,False,2186.158736851734
3250.0,31.03448275862069,0.4591013764954507,60.26624999999996,False,2186.158736851734
3250.0,37.241379310344826,0.4468209410864479,60.26624999999996,False,2186.158736851734
3250.0,43.44827586206897,0.43410085908032436,60.26624999999996,False,2186.158736851734
3250.0,49.6551724137931,0.42107470523562507,60.26624999999996,False,2186.158736851734
3250.0,55.86206896551724,0.40788749778635597,60.26624999999996,False,2186.158736851734
3250.0,62.06896551724138,0.3946955551654274,60.26624999999996,False,2186.158736851734
3250.0,68.27586206896552,0.381666071897798,60.26624999999996,False,2186.158736851734
3250.0,74.48275862068965,0.3689762235654332,60.26624999999996,False,2186.158736851734
3250.0,80.6896551724138,0.35681156307876494,60.26624999999996,False,2186.158736851734
3250.0,86.89655172413794,0.34536343153656024,60.26624999999996,False,2186.158736851734
3250.0,93.10344827586206,0.3347545031232685,60.99674999999995,False,2186.158736851734
3250.0,99.3103448275862,0.3245888532716723,63.188249999999925,False,2186.158736851734
3250.0,105.51724137931035,0.3148950245536839,65.0144999999999,False,2186.158736851734
3250.0,111.72413793103448,0.3058155151459011,67.20599999999988,False,2186.158736851734
3250.0,117.93103448275862,0.29752057964039963,69.39749999999985,False,2186.158736851734
3250.0,124.13793103448276,0.29018433699415974,71.58899999999983,False,2186.158736851734
3250.0,130.3448275862069,0.2839910258215098,73.78049999999979,False,2186.158736851734
3250.0,136.55172413793105,0.27912696522404634,75.60674999999978,False,2186.158736851734
3250.0,142.75862068965517,0.2757848287750394,77.79824999999975,False,2186.158736851734
3250.0,148.9655172413793,0.2741500332325138,79.62449999999973,False,2186.158736851734
3250.0,155.17241379310346,0.274388608635681,81.4507499999997,False,2186.158736851734
3250.0,161.3793103448276,0.2766419702866697,83.27699999999969,False,2186.158736851734
3250.0,167.58620689655172,0.2810127456666425,84.73799999999967,False,2186.158736851734
3250.0,173.79310344827587,0.28754676847511074,85.83374999999965,False,2186.158736851734
3250.0,180.0,0.29622371895475597,86.56424999999965,False,2186.158736851734
3354.166666666667,0.0,0.5131624362353239,60.26624999999996,False,2286.4452938237373
3354.166666666667,6.206896551724138,0.5044522658996088,60.26624999999996,False,2286.4452938237373
3354.166666666667,12.413793103448276,0.494775516752628,60.26624999999996,False,2286.4452938237373
3354.166666666667,18.620689655172413,0.4842098871048061,60.26624999999996,False,2286.4452938237373
3354.166666666667,24.82758620689655,0.4728450121975461,60.26624999999996,False,2286.4452938237373
3354.166666666667,31.03448275862069,0.4607822861120945,60.26624999999996,False,2286.4452938237373
3354.166666666667,37.241379310344826,0.4481348121797196,60.26624999999996,False,2286.4452938237373
3354.166666666667,43.44827586206897,0.43502745206257876,60.26624999999996,False,2286.4452938237373
3354.166666666667,49.6551724137931,0.4215969296372804,60.26624999999996,False,2286.4452938237373
3354.166666666667,55.86206896551724,0.40799192154113884,60.26624999999996,False,2286.4452938237373
3354.166666666667,62.06896551724138,0.3943730313113019,60.26624999999996,False,2286.4452938237373
3354.166666666667,68.27586206896552,0.3809124987443468,60.26624999999996,False,2286.4452938237373
3354.166666666667,74.48275862068965,0.3677934420053523,60.26624999999996,False,2286.4452938237373
3354.166666666667,80.6896551724138,0.3552083712102547,60.26624999999996,False,2286.4452938237373
3354.166666666667,86.89655172413794,0.34335665903995116,60.26624999999996,False,2286.4452938237373
3354.166666666667,93.10344827586206,0.33237525393952133,60.99674999999995,False,2286.4452938237373
3354.166666666667,99.3103448275862,0.3218507523354747,63.188249999999925,False,2286.4452938237373
3354.166666666667,105.51724137931035,0.31179225307731584,65.3797499999999,False,2286.4452938237373
3354.166666666667,111.72413793103448,0.3023517728934456,67.20599999999988,False,2286.4452938237373
3354.166666666667,117.93103448275862,0.2936990451034667,69.39749999999985,False,2286.4452938237373
3354.166666666667,124.13793103448276,0.2860181710722981,71.58899999999983,False,2286.4452938237373
3354.166666666667,130.3448275862069,0.2795015791353923,73.78049999999979,False,2286.4452938237373
3354.166666666667,136.55172413793105,0.2743488259898948,75.97199999999977,False,2286.4452938237373
3354.166666666667,142.75862068965517,0.2707620157651467,78.16349999999974,False,2286.4452938237373
3354.166666666667,148.9655172413793,0.2689404964937954,80.35499999999972,False,2286.4452938237373
3354.166666666667,155.17241379310346,0.26906054819452546,82.1812499999997,False,2286.4452938237373
3354.166666666667,161.3793103448276,0.27128352693616026,84.00749999999968,False,2286.4452938237373
3354.166666666667,167.58620689655172,0.27571943047660047,85.46849999999966,False,2286.4452938237373
3354.166666666667,173.79310344827587,0.28243022154600833,86.56424999999965,False,2286.4452938237373
3354.166666666667,180.0,0.2914005739476274,87.65999999999963,False,2286.4452938237373
3458.3333333333335,0.0,0.5162964493422074,60.26624999999996,False,2389.1343859458675
3458.3333333333335,6.206896551724138,0.5073570840647442,60.26624999999996,False,2389.1343859458675
3458.3333333333335,12.413793103448276,0.4974202143533881,60.26624999999996,False,2389.1343859458675
3458.3333333333335,18.620689655172413,0.48656515303448256,60.26624999999996,False,2389.1343859458675
3458.3333333333335,24.82758620689655,0.47488335476730725,60.26624999999996,False,2389.1343859458675
3458.3333333333335,31.03448275862069,0.46247826292230687,60.26624999999996,False,2389.1343859458675
3458.3333333333335,37.241379310344826,0.44946529900391147,60.26624999999996,False,2389.1343859458675
3458.3333333333335,43.44827586206897,0.43597196818267947,60.26624999999996,False,2389.1343859458675
3458.3333333333335,49.6551724137931,0.4221380403758702,60.26624999999996,False,2389.1343859458675
3458.3333333333335,55.86206896551724,0.40811574135079065,60.26624999999996,False,2389.1343859458675
3458.3333333333335,62.06896551724138,0.39406985137288014,60.26624999999996,False,2389.1343859458675
3458.3333333333335,68.27586206896552,0.3801775592978796,60.26624999999996,False,2389.1343859458675
3458.3333333333335,74.48275862068965,0.3666278582141381,60.26624999999996,False,2389.1343859458675
3458.3333333333335,80.6896551724138,0.35362019804341166,60.26624999999996,False,2389.1343859458675
3458.3333333333335,86.89655172413794,0.34136204140455,60.26624999999996,False,2389.1343859458675
3458.3333333333335,93.10344827586206,0.3300055124209315,60.99674999999995,False,2389.1343859458675
3458.3333333333335,99.3103448275862,0.31912063819473074,63.188249999999925,False,2389.1343859458675
3458.3333333333335,105.51724137931035,0.30869447771226044,65.3797499999999,False,2389.1343859458675
3458.3333333333335,111.72413793103448,0.2988860695672183,67.57124999999986,False,2389.1343859458675
3458.3333333333335,117.93103448275862,0.28987104394427127,69.76274999999984,False,2389.1343859458675
3458.3333333333335,124.13793103448276,0.2818397057417401,71.95424999999982,False,2389.1343859458675
3458.3333333333335,130.3448275862069,0.2749941470310236,74.1457499999998,False,2389.1343859458675
3458.3333333333335,136.55172413793105,0.26954431750536156,76.33724999999977,False,2389.1343859458675
3458.3333333333335,142.75862068965517,0.2657030796311794,78.52874999999975,False,2389.1343859458675
3458.3333333333335,148.9655172413793,0.2636804265414209,80.72024999999971,False,2389.1343859458675
3458.3333333333335,155.17241379310346,0.26367516180991585,82.5464999999997,False,2389.1343859458675
3458.3333333333335,161.3793103448276,0.26585343030683833,84.37274999999967,False,2389.1343859458675
3458.3333333333335,167.58620689655172,0.27034475873266883,86.19899999999966,False,2389.1343859458675
3458.3333333333335,173.79310344827587,0.2772249135909813,87.29474999999964,False,2389.1343859458675
3458.3333333333335,180.0,0.28648142099943413,88.39049999999962,False,2389.1343859458675
3562.5,0.0,0.5194370589529936,60.26624999999996,False,2494.283570036525
3562.5,6.206896551724138,0.5102700859846934,60.26624999999996,False,2494.283570036525
3562.5,12.413793103448276,0.500074791300085,60.26624999999996,False,2494.283570036525
3562.5,18.620689655172413,0.4889320596744985,60.26624999999996,False,2494.283570036525
3562.5,24.82758620689655,0.4769351111660953,60.26624999999996,False,2494.283570036525
3562.5,31.03448275862069,0.4641893719003541,60.26624999999996,False,2494.283570036525
3562.5,37.241379310344826,0.4508125019350584,60.26624999999996,False,2494.283570036525
3562.5,43.44827586206897,0.4369345574681323,60.26624999999996,False,2494.283570036525
3562.5,49.6551724137931,0.4226982506318048,60.26624999999996,False,2494.283570036525
3562.5,55.86206896551724,0.4082592447161684,60.26624999999996,False,2494.283570036525
3562.5,62.06896551724138,0.3937863839701902,60.26624999999996,False,2494.283570036525
3562.5,68.27586206896552,0.37946170339488977,60.26624999999996,False,2494.283570036525
3562.5,74.48275862068965,0.3654799943946572,60.26624999999996,False,2494.283570036525
3562.5,80.6896551724138,0.35204761889223557,60.26624999999996,False,2494.283570036525
3562.5,86.89655172413794,0.33938017774684964,60.26624999999996,False,2494.283570036525
3562.5,93.10344827586206,0.3276458849956028,60.99674999999995,False,2494.283570036525
3562.5,99.3103448275862,0.3163991406249666,63.188249999999925,False,2494.283570036525
3562.5,105.51724137931035,0.30560348312919516,65.3797499999999,False,2494.283570036525
3562.5,111.72413793103448,0.2954238159385018,67.57124999999986,False,2494.283570036525
3562.5,117.93103448275862,0.28604264274610924,69.76274999999984,False,2494.283570036525
3562.5,124.13793103448276,0.2776581036433749,71.95424999999982,False,2494.283570036525
3562.5,130.3448275862069,0.27047302761568304,74.51099999999978,False,2494.283570036525
3562.5,136.55172413793105,0.2647153230380697,76.70249999999976,False,2494.283570036525
3562.5,142.75862068965517,0.2606095100201864,78.89399999999974,False,2494.283570036525
3562.5,148.9655172413793,0.25837673829693986,81.08549999999971,False,2494.283570036525
3562.5,155.17241379310346,0.2582283184369117,83.27699999999969,False,2494.283570036525
3562.5,161.3793103448276,0.26035161235747256,85.10324999999966,False,2494.283570036525
3562.5,167.58620689655172,0.2648897409980868,86.92949999999965,False,2494.283570036525
3562.5,173.79310344827587,0.271928051364864,88.39049999999962,False,2494.283570036525
3562.5,180.0,0.28147034300446183,89.48624999999961,False,2494.283570036525
3666.666666666667,0.0,0.5225843071108672,60.26624999999996,False,2601.95178178565
3666.666666666667,6.206896551724138,0.5131912949547052,60.26624999999996,False,2601.95178178565
3666.666666666667,12.413793103448276,0.5027392594035927,60.26624999999996,False,2601.95178178565
3666.666666666667,18.620689655172413,0.4913106163338954,60.26624999999996,False,2601.95178178565
3666.666666666667,24.82758620689655,0.47900029893068363,60.26624999999996,False,2601.95178178565
3666.666666666667,31.03448275862069,0.4659156511506696,60.26624999999996,False,2601.95178178565
3666.666666666667,37.241379310344826,0.45217649323475995,60.26624999999996,False,2601.95178178565
3666.666666666667,43.44827586206897,0.4379153405073379,60.26624999999996,False,2601.95178178565
3666.666666666667,49.6551724137931,0.4232777429979286,60.26624999999996,False,2601.95178178565
3666.666666666667,55.86206896551724,0.4084226878682016,60.26624999999996,False,2601.95178178565
3666.666666666667,62.06896551724138,0.3935229665151162,60.26624999999996,False,2601.95178178565
3666.666666666667,68.27586206896552,0.3787653506597598,60.26624999999996,False,2601.95178178565
3666.666666666667,74.48275862068965,0.3643503444684301,60.26624999999996,False,2601.95178178565
3666.666666666667,80.6896551724138,0.3504911833637655,60.26624999999996,False,2601.95178178565
3666.666666666667,86.89655172413794,0.33741164406503493,60.26624999999996,False,2601.95178178565
3666.666666666667,93.10344827586206,0.32529695669827213,60.99674999999995,False,2601.95178178565
3666.666666666667,99.3103448275862,0.3136868691118627,63.188249999999925,False,2601.95178178565
3666.666666666667,105.51724137931035,0.3025198835040364,65.3797499999999,False,2601.95178178565
3666.666666666667,111.72413793103448,0.29196681974986194,67.57124999999986,False,2601.95178178565
3666.666666666667,117.93103448275862,0.28221600427591215,70.12799999999984,False,2601.95178178565
3666.666666666667,124.13793103448276,0.2734637540337902,72.31949999999982,False,2601.95178178565
3666.666666666667,130.3448275862069,0.2659401277797856,74.51099999999978,False,2601.95178178565
3666.666666666667,136.55172413793105,0.25986382891013515,77.06774999999976,False,2601.95178178565
3666.666666666667,142.75862068965517,0.2554828697157468,79.25924999999974,False,2601.95178178565
3666.666666666667,148.9655172413793,0.2530301072445446,81.8159999999997,False,2601.95178178565
3666.666666666667,155.17241379310346,0.25272922841752077,83.64224999999968,False,2601.95178178565
3666.666666666667,161.3793103448276,0.25478297943905315,85.83374999999965,False,2601.95178178565
3666.666666666667,167.58620689655172,0.25935549526348023,87.65999999999963,False,2601.95178178565
3666.666666666667,173.79310344827587,0.26654243646097364,89.12099999999961,False,2601.95178178565
3666.666666666667,180.0,0.27636001079582184,90.2167499999996,False,2601.95178178565
3770.8333333333335,0.0,0.5257382130795423,60.26624999999996,False,2712.19936878794
3770.8333333333335,6.206896551724138,0.5161207124888278,60.26624999999996,False,2712.19936878794
3770.8333333333335,12.413793103448276,0.5054136091055923,60.26624999999996,False,2712.19936878794
3770.8333333333335,18.620689655172413,0.49370081081998274,60.26624999999996,False,2712.19936878794
3770.8333333333335,24.82758620689655,0.48107891347357074,60.26624999999996,False,2712.19936878794
3770.8333333333335,31.03448275862069,0.4676571156261644,60.26624999999996,False,2712.19936878794
3770.8333333333335,37.241379310344826,0.45355732071317145,60.26624999999996,False,2712.19936878794
3770.8333333333335,43.44827586206897,0.43891441205412307,60.26624999999996,False,2712.19936878794
3770.8333333333335,49.6551724137931,0.4238766730134318,60.26624999999996,False,2712.19936878794
3770.8333333333335,55.86206896551724,0.40860629921747293,60.26624999999996,False,2712.19936878794
3770.8333333333335,62.06896551724138,0.3932799085719431,60.26624999999996,False,2712.19936878794
3770.8333333333335,68.27586206896552,0.3780888937923626,60.26624999999996,False,2712.19936878794
3770.8333333333335,74.48275862068965,0.3632393773353457,60.26624999999996,False,2712.19936878794
3770.8333333333335,80.6896551724138,0.34895141866137247,60.26624999999996,False,2712.19936878794
3770.8333333333335,86.89655172413794,0.3354569966637073,60.26624999999996,False,2712.19936878794
3770.8333333333335,93.10344827586206,0.3229592947967237,60.99674999999995,False,2712.19936878794
3770.8333333333335,99.3103448275862,0.3109844167889599,63.188249999999925,False,2712.19936878794
3770.8333333333335,105.51724137931035,0.2994442774480729,65.3797499999999,False,2712.19936878794
3770.8333333333335,111.72413793103448,0.2885156610294526,67.57124999999986,False,2712.19936878794
3770.8333333333335,117.93103448275862,0.2783848076894505,70.12799999999984,False,2712.19936878794
3770.8333333333335,124.13793103448276,0.269270337108906,72.31949999999982,False,2712.19936878794
3770.8333333333335,130.3448275862069,0.26138932885675453,74.87624999999979,False,2712.19936878794
3770.8333333333335,136.55172413793105,0.25499194295717176,77.43299999999975,False,2712.19936878794
3770.8333333333335,142.75862068965517,0.2503248116875183,79.62449999999973,False,2712.19936878794
3770.8333333333335,148.9655172413793,0.247636976208011,82.1812499999997,False,2712.19936878794
3770.8333333333335,155.17241379310346,0.24717169243745982,84.37274999999967,False,2712.19936878794
3770.8333333333335,161.3793103448276,0.24914975014681331,86.56424999999965,False,2712.19936878794
3770.8333333333335,167.58620689655172,0.25374327062869656,88.39049999999962,False,2712.19936878794
3770.8333333333335,173.79310344827587,0.2610695917696918,89.8514999999996,False,2712.19936878794
3770.8333333333335,180.0,0.2711579612242646,90.9472499999996,False,2712.19936878794
3875.0,0.0,0.5288987770544132,60.26624999999996,False,2825.0881243674257
3875.0,6.206896551724138,0.5190583218211952,60.26624999999996,False,2825.0881243674257
3875.0,12.413793103448276,0.5080978128330661,60.26624999999996,False,2825.0881243674257
3875.0,18.620689655172413,0.49610261269468103,60.26624999999996,False,2825.0881243674257
3875.0,24.82758620689655,0.48317093127588345,60.26624999999996,False,2825.0881243674257
3875.0,31.03448275862069,0.4694137602782376,60.26624999999996,False,2825.0881243674257
3875.0,37.241379310344826,0.45495501084289625,60.26624999999996,False,2825.0881243674257
3875.0,43.44827586206897,0.43993184409985653,60.26624999999996,False,2825.0881243674257
3875.0,49.6551724137931,0.42449517217977845,60.26624999999996,False,2825.0881243674257
3875.0,55.86206896551724,0.4088102822976065,60.26624999999996,False,2825.0881243674257
3875.0,62.06896551724138,0.3930574947201971,60.26624999999996,False,2825.0881243674257
3875.0,68.27586206896552,0.37743270136274815,60.26624999999996,False,2825.0881243674257
3875.0,74.48275862068965,0.36214753964229174,60.26624999999996,False,2825.0881243674257
3875.0,80.6896551724138,0.34742883239799816,60.26624999999996,False,2825.0881243674257
3875.0,86.89655172413794,0.3335167750916421,60.26624999999996,False,2825.0881243674257
3875.0,93.10344827586206,0.3206333153560227,60.63149999999995,False,2825.0881243674257
3875.0,99.3103448275862,0.30829236388036213,63.188249999999925,False,2825.0881243674257
3875.0,105.51724137931035,0.2963772517977647,65.3797499999999,False,2825.0881243674257
3875.0,111.72413793103448,0.28506990654097714,67.93649999999987,False,2825.0881243674257
3875.0,117.93103448275862,0.27455800064789926,70.12799999999984,False,2825.0881243674257
3875.0,124.13793103448276,0.2650667693655111,72.68474999999981,False,2825.0881243674257
3875.0,130.3448275862069,0.2568311355525543,75.24149999999977,False,2825.0881243674257
3875.0,136.55172413793105,0.2501019141931948,77.79824999999975,False,2825.0881243674257
3875.0,142.75862068965517,0.24513709734034234,79.98974999999973,False,2825.0881243674257
3875.0,148.9655172413793,0.24220460426104903,82.5464999999997,False,2825.0881243674257
3875.0,155.17241379310346,0.2415643041107718,84.73799999999967,False,2825.0881243674257
3875.0,161.3793103448276,0.24344836698623898,86.92949999999965,False,2825.0881243674257
3875.0,167.58620689655172,0.24805447373058728,89.12099999999961,False,2825.0881243674257
3875.0,173.79310344827587,0.2555100826649448,90.5819999999996,False,2825.0881243674257
3875.0,180.0,0.2658606293405735,92.04299999999958,False,2825.0881243674257
3979.166666666667,0.0,0.5320659832598575,60.26624999999996,False,2940.681322212385
3979.166666666667,6.206896551724138,0.5220040908382657,60.26624999999996,False,2940.681322212385
3979.166666666667,12.413793103448276,0.5107918278179858,60.26624999999996,False,2940.681322212385
3979.166666666667,18.620689655172413,0.49851597602283837,60.26624999999996,False,2940.681322212385
3979.166666666667,24.82758620689655,0.4852763125934656,60.26624999999996,False,2940.681322212385
3979.166666666667,31.03448275862069,0.4711855627374288,60.26624999999996,False,2940.681322212385
3979.166666666667,37.241379310344826,0.4563695714183665,60.26624999999996,False,2940.681322212385
3979.166666666667,43.44827586206897,0.4409676885040841,60.26624999999996,False,2940.681322212385
3979.166666666667,49.6551724137931,0.42513335054641543,60.26624999999996,False,2940.681322212385
3979.166666666667,55.86206896551724,0.4090348182875353,60.26624999999996,False,2940.681322212385
3979.166666666667,62.06896551724138,0.39285598700255864,60.26624999999996,False,2940.681322212385
3979.166666666667,68.27586206896552,0.376797120193708,60.26624999999996,False,2940.681322212385
3979.166666666667,74.48275862068965,0.36107525813959873,60.26624999999996,False,2940.681322212385
3979.166666666667,80.6896551724138,0.3459239149964194,60.26624999999996,False,2940.681322212385
3979.166666666667,86.89655172413794,0.3315915046683864,60.26624999999996,False,2940.681322212385
3979.166666666667,93.10344827586206,0.31831467066714075,60.63149999999995,False,2940.681322212385
3979.166666666667,99.3103448275862,0.30561128072678034,63.188249999999925,False,2940.681322212385
3979.166666666667,105.51724137931035,0.2933193849878386,65.3797499999999,False,2940.681322212385
3979.166666666667,111.72413793103448,0.2816277710064022,67.93649999999987,False,2940.681322212385
3979.166666666667,117.93103448275862,0.2707361152531265,70.12799999999984,False,2940.681322212385
3979.166666666667,124.13793103448276,0.26086529189157165,72.68474999999981,False,2940.681322212385
3979.166666666667,130.3448275862069,0.25226335115279935,75.24149999999977,False,2940.681322212385
3979.166666666667,136.55172413793105,0.24519098444051615,77.79824999999975,False,2940.681322212385
3979.166666666667,142.75862068965517,0.23992161632093678,80.35499999999972,False,2940.681322212385
3979.166666666667,148.9655172413793,0.23673440680114047,82.91174999999969,False,2940.681322212385
3979.166666666667,155.17241379310346,0.23590573924063474,85.46849999999966,False,2940.681322212385
3979.166666666667,161.3793103448276,0.23768445872474797,87.65999999999963,False,2940.681322212385
3979.166666666667,167.58620689655172,0.24229022113665086,89.48624999999961,False,2940.681322212385
3979.166666666667,173.79310344827587,0.24986455329964255,91.31249999999959,False,2940.681322212385
3979.166666666667,180.0,0.2604680417896496,92.77349999999957,False,2940.681322212385
4083.3333333333335,0.0,0.5352398025441604,60.26624999999996,False,3059.043751839982
4083.3333333333335,6.206896551724138,0.5249579745438567,60.26624999999996,False,3059.043751839982
4083.3333333333335,12.413793103448276,0.5134955984766787,60.26624999999996,False,3059.043751839982
4083.3333333333335,18.620689655172413,0.5009408417009413,60.26624999999996,False,3059.043751839982
4083.3333333333335,24.82758620689655,0.4873950037598507,60.26624999999996,False,3059.043751839982
4083.3333333333335,31.03448275862069,0.4729724856044346,60.26624999999996,False,3059.043751839982
4083.3333333333335,37.241379310344826,0.4578009938371638,60.26624999999996,False,3059.043751839982
4083.3333333333335,43.44827586206897,0.4420219792572789,60.26624999999996,False,3059.043751839982
4083.3333333333335,49.6551724137931,0.4257912989375519,60.26624999999996,False,3059.043751839982
4083.3333333333335,55.86206896551724,0.4092800681819806,60.26624999999996,False,3059.043751839982
4083.3333333333335,62.06896551724138,0.39267562702549574,60.26624999999996,False,3059.043751839982
4083.3333333333335,68.27586206896552,0.3761824773973451,60.26624999999996,False,3059.043751839982
4083.3333333333335,74.48275862068965,0.3600229416900244,60.26624999999996,False,3059.043751839982
4083.3333333333335,80.6896551724138,0.344437141740014,60.26624999999996,False,3059.043751839982
4083.3333333333335,86.89655172413794,0.3296816986620247,60.26624999999996,False,3059.043751839982
4083.3333333333335,93.10344827586206,0.31600848363926004,60.63149999999995,False,3059.043751839982
4083.3333333333335,99.3103448275862,0.3029416352259869,62.82299999999993,False,3059.043751839982
4083.3333333333335,105.51724137931035,0.2902712500753724,65.3797499999999,False,3059.043751839982
4083.3333333333335,111.72413793103448,0.2781936355539419,67.93649999999987,False,3059.043751839982
4083.3333333333335,117.93103448275862,0.26691324135932165,70.49324999999983,False,3059.043751839982
4083.3333333333335,124.13793103448276,0.2566597219557905,73.04999999999981,False,3059.043751839982
4083.3333333333335,130.3448275862069,0.24768587405081866,75.60674999999978,False,3059.043751839982
4083.3333333333335,136.55172413793105,0.24026400037976275,78.16349999999974,False,3059.043751839982
4083.3333333333335,142.75862068965517,0.23468040827430214,80.72024999999971,False,3059.043751839982
4083.3333333333335,148.9655172413793,0.23122790639552487,83.27699999999969,False,3059.043751839982
4083.3333333333335,155.17241379310346,0.2301965135168334,85.83374999999965,False,3059.043751839982
4083.3333333333335,161.3793103448276,0.23186140161520444,88.02524999999963,False,3059.043751839982
4083.3333333333335,167.58620689655172,0.23644945085155064,90.2167499999996,False,3059.043751839982
4083.3333333333335,173.79310344827587,0.24413374471656493,92.04299999999958,False,3059.043751839982
4083.3333333333335,180.0,0.2549840712916961,93.50399999999956,False,3059.043751839982
4187.5,0.0,0.5384201945613403,60.26624999999996,False,3180.2417549105294
4187.5,6.206896551724138,0.5279199171388264,60.26624999999996,False,3180.2417549105294
4187.5,12.413793103448276,0.516209058424846,60.26624999999996,False,3180.2417549105294
4187.5,18.620689655172413,0.5033771394377164,60.26624999999996,False,3180.2417549105294
4187.5,24.82758620689655,0.48952693915383927,60.26624999999996,False,3180.2417549105294
4187.5,31.03448275862069,0.4747744784161725,60.26624999999996,False,3180.2417549105294
4187.5,37.241379310344826,0.45924925506539155,60.26624999999996,False,3180.2417549105294
4187.5,43.44827586206897,0.4430947344357708,60.26624999999996,False,3180.2417549105294
4187.5,49.6551724137931,0.426469090878207,60.26624999999996,False,3180.2417549105294
4187.5,55.86206896551724,0.40954617466684806,60.26624999999996,False,3180.2417549105294
4187.5,62.06896551724138,0.3925166377681134,60.26624999999996,False,3180.2417549105294
4187.5,68.27586206896552,0.3755890821201076,60.26624999999996,False,3180.2417549105294
4187.5,74.48275862068965,0.35899098298373133,60.26624999999996,False,3180.2417549105294
4187.5,80.6896551724138,0.3429689745263585,60.26624999999996,False,3180.2417549105294
4187.5,86.89655172413794,0.3277878601695774,60.26624999999996,False,3180.2417549105294
4187.5,93.10344827586206,0.3137152680979402,60.63149999999995,False,3180.2417549105294
4187.5,99.3103448275862,0.30028106555479367,62.82299999999993,False,3180.2417549105294
4187.5,105.51724137931035,0.2872334174711514,65.3797499999999,False,3180.2417549105294
4187.5,111.72413793103448,0.2747680724488792,67.93649999999987,False,3180.2417549105294
4187.5,117.93103448275862,0.2630958618713091,70.49324999999983,False,3180.2417549105294
4187.5,124.13793103448276,0.2524541890033013,73.04999999999981,False,3180.2417549105294
4187.5,130.3448275862069,0.24310500144376393,75.60674999999978,False,3180.2417549105294
4187.5,136.55172413793105,0.23532528164668853,78.52874999999975,False,3180.2417549105294
4187.5,142.75862068965517,0.22941568698674866,81.08549999999971,False,3180.2417549105294
4187.5,148.9655172413793,0.2256867534910891,83.64224999999968,False,3180.2417549105294
4187.5,155.17241379310346,0.22444290110584392,86.19899999999966,False,3180.2417549105294
4187.5,161.3793103448276,0.22597435275398617,88.75574999999962,False,3180.2417549105294
4187.5,167.58620689655172,0.23053653997802903,90.9472499999996,False,3180.2417549105294
4187.5,173.79310344827587,0.23831851533076204,92.77349999999957,False,3180.2417549105294
4187.5,180.0,0.24940416712686392,94.59974999999955,False,3180.2417549105294
4291.666666666667,0.0,0.5416071096119112,60.26624999999996,False,3304.343262411721
4291.666666666667,6.206896551724138,0.5308898537814791,60.26624999999996,False,3304.343262411721
4291.666666666667,12.413793103448276,0.518932132189758,60.26624999999996,False,3304.343262411721
4291.666666666667,18.620689655172413,0.5058247894445186,60.26624999999996,False,3304.343262411721
4291.666666666667,24.82758620689655,0.49167204288676053,60.26624999999996,False,3304.343262411721
4291.666666666667,31.03448275862069,0.47659147933961493,60.26624999999996,False,3304.343262411721
4291.666666666667,37.241379310344826,0.46071431933785106,60.26624999999996,False,3304.343262411721
4291.666666666667,43.44827586206897,0.44418595789785426,60.26624999999996,False,3304.343262411721
4291.666666666667,49.6551724137931,0.42716678426724614,60.26624999999996,False,3304.343262411721
4291.666666666667,55.86206896551724,0.40983326374618056,60.26624999999996,False,3304.343262411721
4291.666666666667,62.06896551724138,0.39237922514497914,60.26624999999996,False,3304.343262411721
4291.666666666667,68.27586206896552,0.37501722704129065,60.26624999999996,False,3304.343262411721
4291.666666666667,74.48275862068965,0.3579797600034709,60.26624999999996,False,3304.343262411721
4291.666666666667,80.6896551724138,0.3415198633670988,60.26624999999996,False,3304.343262411721
4291.666666666667,86.89655172413794,0.3259104837427172,60.26624999999996,False,3304.343262411721
4291.666666666667,93.10344827586206,0.3114355322151588,60.63149999999995,False,3304.343262411721
4291.666666666667,99.3103448275862,0.2976326580286087,62.82299999999993,False,3304.343262411721
4291.666666666667,105.51724137931035,0.2842064574254198,65.3797499999999,False,3304.343262411721
4291.666666666667,111.72413793103448,0.2713516558485212,67.93649999999987,False,3304.343262411721
4291.666666666667,117.93103448275862,0.2592854911892852,70.49324999999983,False,3304.343262411721
4291.666666666667,124.13793103448276,0.24825320791429265,73.04999999999981,False,3304.343262411721
4291.666666666667,130.3448275862069,0.23851539577943348,75.97199999999977,False,3304.343262411721
4291.666666666667,136.55172413793105,0.23037313212535818,78.52874999999975,False,3304.343262411721
4291.666666666667,142.75862068965517,0.22412986740898314,81.4507499999997,False,3304.343262411721
4291.666666666667,148.9655172413793,0.2201127497721929,84.00749999999968,False,3304.343262411721
4291.666666666667,155.17241379310346,0.21864564714307616,86.92949999999965,False,3304.343262411721
4291.666666666667,161.3793103448276,0.22003427291232436,89.12099999999961,False,3304.343262411721
4291.666666666667,167.58620689655172,0.2245537341456968,91.67774999999959,False,3304.343262411721
4291.666666666667,173.79310344827587,0.23241986442469226,93.50399999999956,False,3304.343262411721
4291.666666666667,180.0,0.24373158290851343,95.33024999999954,False,3304.343262411721
4395.833333333334,0.0,0.5448004902007626,60.26624999999996,False,3431.4178327336713
4395.833333333334,6.206896551724138,0.5338677120822913,60.26624999999996,False,3431.4178327336713
4395.833333333334,12.413793103448276,0.5216647366696925,60.26624999999996,False,3431.4178327336713
4395.833333333334,18.620689655172413,0.5082837038827831,60.26624999999996,False,3431.4178327336713
4395.833333333334,24.82758620689655,0.493830230254408,60.26624999999996,False,3431.4178327336713
4395.833333333334,31.03448275862069,0.4784234166365041,60.26624999999996,False,3431.4178327336713
4395.833333333334,37.241379310344826,0.46219613963461853,60.26624999999996,False,3431.4178327336713
4395.833333333334,43.44827586206897,0.44529564076149936,60.26624999999996,False,3431.4178327336713
4395.833333333334,49.6551724137931,0.4278844228367506,60.26624999999996,False,3431.4178327336713
4395.833333333334,55.86206896551724,0.4101414461591762,60.26624999999996,False,3431.4178327336713
4395.833333333334,62.06896551724138,0.3922635793608247,60.26624999999996,False,3431.4178327336713
4395.833333333334,68.27586206896552,0.37446718966237846,60.26624999999996,False,3431.4178327336713
4395.833333333334,74.48275862068965,0.35698963727680866,60.26624999999996,False,3431.4178327336713
4395.833333333334,80.6896551724138,0.3400902476701978,60.26624999999996,False,3431.4178327336713
4395.833333333334,86.89655172413794,0.32405005679426446,60.26624999999996,False,3431.4178327336713
4395.833333333334,93.10344827586206,0.30916927076040435,60.26624999999996,False,3431.4178327336713
4395.833333333334,99.3103448275862,0.2949969540410441,62.82299999999993,False,3431.4178327336713
4395.833333333334,105.51724137931035,0.2811909423074528,65.3797499999999,False,3431.4178327336713
4395.833333333334,111.72413793103448,0.2679449645305024,67.93649999999987,False,3431.4178327336713
4395.833333333334,117.93103448275862,0.25548268270048313,70.49324999999983,False,3431.4178327336713
4395.833333333334,124.13793103448276,0.24404933342691876,73.4152499999998,False,3431.4178327336713
4395.833333333334,130.3448275862069,0.2339252050878985,75.97199999999977,False,3431.4178327336713
4395.833333333334,136.55172413793105,0.22540798849568922,78.89399999999974,False,3431.4178327336713
4395.833333333334,142.75862068965517,0.2188255961220595,81.8159999999997,False,3431.4178327336713
4395.833333333334,148.9655172413793,0.21450787477600639,84.37274999999967,False,3431.4178327336713
4395.833333333334,155.17241379310346,0.2128016626944413,87.29474999999964,False,3431.4178327336713
4395.833333333334,161.3793103448276,0.21403347464191935,89.8514999999996,False,3431.4178327336713
4395.833333333334,167.58620689655172,0.21850362371290385,92.40824999999958,False,3431.4178327336713
4395.833333333334,173.79310344827587,0.22643895943819856,94.23449999999956,False,3431.4178327336713
4395.833333333334,180.0,0.23796853350181846,96.06074999999953,False,3431.4178327336713
4500.0,0.0,0.5480002723596042,60.26624999999996,False,3561.536690656111
4500.0,6.206896551724138,0.536853413376667,60.26624999999996,False,3561.536690656111
4500.0,12.413793103448276,0.5244067823814741,60.26624999999996,False,3561.536690656111
4500.0,18.620689655172413,0.5107537881072014,60.26624999999996,False,3561.536690656111
4500.0,24.82758620689655,0.496001408990575,60.26624999999996,False,3561.536690656111
4500.0,31.03448275862069,0.4802702099345044,60.26624999999996,False,3561.536690656111
4500.0,37.241379310344826,0.46369465896835765,60.26624999999996,False,3561.536690656111
4500.0,43.44827586206897,0.44642376269691675,60.26624999999996,False,3561.536690656111
4500.0,49.6551724137931,0.42862203743018285,60.26624999999996,False,3561.536690656111
4500.0,55.86206896551724,0.4104708186192067,60.26624999999996,False,3561.536690656111
4500.0,62.06896551724138,0.39216987608864173,60.26624999999996,False,3561.536690656111
4500.0,68.27586206896552,0.37393923341842433,60.26624999999996,False,3561.536690656111
4500.0,74.48275862068965,0.3560209669461405,60.26624999999996,False,3561.536690656111
4500.0,80.6896551724138,0.338680557334782,60.26624999999996,False,3561.536690656111
4500.0,86.89655172413794,0.3222070608151154,60.26624999999996,False,3561.536690656111
4500.0,93.10344827586206,0.30691096217989194,60.26624999999996,False,3561.536690656111
4500.0,99.3103448275862,0.29237449565268964,62.82299999999993,False,3561.536690656111
4500.0,105.51724137931035,0.2781874487121765,65.3797499999999,False,3561.536690656111
4500.0,111.72413793103448,0.26454858447323953,67.93649999999987,False,3561.536690656111
4500.0,117.93103448275862,0.2516879515753028,70.85849999999984,False,3561.536690656111
4500.0,124.13793103448276,0.23985021363589337,73.4152499999998,False,3561.536690656111
4500.0,130.3448275862069,0.22933152026482945,76.33724999999977,False,3561.536690656111
4500.0,136.55172413793105,0.2204389900274457,79.25924999999974,False,3561.536690656111
4500.0,142.75862068965517,0.2135009548408692,81.8159999999997,False,3561.536690656111
4500.0,148.9655172413793,0.2088743164892007,84.73799999999967,False,3561.536690656111
4500.0,155.17241379310346,0.20691831017375822,87.65999999999963,False,3561.536690656111
4500.0,161.3793103448276,0.207982248795738,90.2167499999996,False,3561.536690656111
4500.0,167.58620689655172,0.21238250547703869,92.77349999999957,False,3561.536690656111
4500.0,173.79310344827587,0.22037716801917814,94.96499999999955,False,3561.536690656111
4500.0,180.0,0.23211392366570702,97.15649999999953,False,3561.536690656111
